<?xml version="1.0" encoding="UTF-8"?>
<preferences>
 <debug showDebugMenu="0" />
 <systemtable filter="All Interfaces">
  <columns>
   <connections preferredWidth="143" />
   <irq preferredWidth="34" />
  </columns>
 </systemtable>
 <library
   expandedCategories="Library/Processors and Peripherals,Library,Library/Processors and Peripherals/Peripherals,Project,Library/Basic Functions,Library/Interface Protocols" />
 <window width="1717" height="901" x="112" y="55" />
 <generation synthesis="VHDL" />
</preferences>
